image_filename,composition
0cfe6cbc00ffd9c46c5ca805eedb14a5.jpg,"The painting features a man standing on a rocky surface, holding a bow and arrow. He is positioned in the center of the image, with the bow and arrow held in his hands. The man appears to be the main focus of the painting, with the rocky surface and the surrounding environment providing a backdrop.

There are several other elements in the painting, including a sword, a shield, and a few other people. The sword is located on the left side of the image, while the shield is positioned on the right side. The other people are scattered throughout the painting, with one person standing near the center, another person on the right side, and a third person on the left side.

The colors used in the painting are predominantly dark, with the man and the rocky surface being the main sources of contrast. The man's clothing and the bow and arrow are also dark, while the rocky surface is depicted in shades of brown and gray. The sword and shield are also dark, with the shield being depicted in a lighter shade of brown.

The painting does not have a strong sense of movement or rhythm, with the elements being positioned in a relatively static manner. The focus of the painting is on the man holding the bow and arrow, with the surrounding environment serving as a backdrop. The use of contrast and dark colors helps to create a sense of depth and intensity in the painting."
233d54e476efa149bbd2ceedd1656fcf.jpg,"The painting features a desert landscape with a dirt road and a mountain in the background. The road is lined with cacti, creating a sense of depth and dimension. The sun is setting, casting a warm glow over the scene. The focus of the painting is the road, which leads the viewer's eye towards the mountain. The artist uses contrast in the painting, with the warm colors of the sunset contrasting against the cooler tones of the desert landscape. The use of light and dark intensities, as well as the contrasting elements of the road and the mountain, help to create a sense of depth and balance in the painting. The different colors used in the painting include the warm hues of the sunset, the cooler tones of the desert landscape, and the various shades of the cacti. The artist uses a pattern of circular arrangements, with the cacti lining the road in a circular fashion. The use of different proportions in the painting helps to emphasize the sense of depth and dimension in the scene. Overall, the painting is a well-composed and visually appealing representation of a desert landscape at sunset."
178acaa395581f4c77c1510a253e3ced.jpg,"The painting features a beautiful beach scene with a sunset in the background. The main focus of the painting is the sun, which is positioned in the center of the image, with its rays extending outwards. The sun is surrounded by a warm orange hue, creating a serene atmosphere. 

In the foreground, there are three rocks, each with a different shape and size, adding depth and interest to the scene. The rocks are positioned in a way that they appear to be emerging from the water, giving the impression of a coastal landscape. 

The painting also includes several birds scattered throughout the scene, adding a sense of life and movement to the image. The birds are positioned at various heights and distances, with some flying closer to the sun and others further away. 

The overall composition of the painting is balanced and harmonious, with the sun acting as the central focus and the surrounding elements working together to create a cohesive and visually appealing scene. The use of different colors, such as the warm orange hues of the sun and the cooler tones of the water and rocks, adds depth and dimension to the painting. The artist has also used contrasting elements, such as the sun and the rocks, to create a sense of movement and dynamism in the image."
cb5b90942c93eb6688aaa0b633df56a9.jpg,"The painting is a vibrant and colorful representation of a space scene. The elements in the painting are positioned in a way that creates a sense of depth and movement. The main focus of the painting is a bright light source, which appears to be a star or a sun, located towards the center of the image. The light source is surrounded by a swirling mass of colors, which gives the painting a dynamic and lively appearance.

The colors used in the painting are predominantly blue, purple, and pink, with some orange and yellow accents. These colors are used to create a sense of depth and movement, as well as to evoke a sense of wonder and awe. The painting also features a variety of shapes and forms, including circular and triangular arrangements, which add to the overall visual interest of the piece.

The painting has a strong sense of unity and balance, with the different elements and colors working together to create a cohesive and harmonious composition. The focus point of the painting is the bright light source, which draws the viewer's attention and serves as the central point of interest. The artist has used contrast in the painting, with the use of light and dark intensities, as well as the use of opposite color schemes, to create a sense of depth and dimension.

The painting also features a sense of rhythm, with the swirling mass of colors creating a flowing and dynamic visualization of the space scene. The artist has used different proportions to create a sense of scale and perspective, with the larger elements in the foreground and the smaller elements in the background. Overall, the painting is a visually stunning and engaging representation of a space scene, with a strong focus on color, movement, and visual interest."
9ecc59478f04350c181bb99b75a1e6c4.jpg,"The painting features a man and a woman standing close to each other under an umbrella, with a tree in the background. They are positioned in the center of the image, with the umbrella providing a focal point. The woman is wearing a dress, and the man is holding her hand. The scene is set in a forest, with a body of water nearby.

The painting has a sense of unity, with the elements and colors working together to create a cohesive composition. The colors used are predominantly shades of blue, green, and yellow, which contribute to the overall atmosphere of the painting. The use of light and dark intensities, as well as contrasting elements, adds depth and interest to the image.

The focus point of the painting is the couple standing under the umbrella, with the tree in the background providing a sense of depth and perspective. The rhythm in the visualization of elements is regular, with the couple standing still and the tree remaining stationary. The use of contrast in the painting is evident, with the couple standing out against the background, and the umbrella providing a contrasting element against the forest.

The painting features a variety of proportions, with the couple being the central focus, the tree in the background, and the body of water all contributing to the overall composition. The use of different proportions serves to create a sense of balance and harmony within the painting."
24c5eda44962442b432db52c7dfd5d1a.jpg,"The painting features a forest scene with a bird perched on a tree branch. The bird is positioned towards the left side of the painting, while the tree branch extends across the middle of the image. The forest is depicted with a variety of trees, some of which are closer to the viewer, while others are further in the background. The trees are positioned in a way that creates depth and a sense of space within the painting.

The colors used in the painting are predominantly shades of brown and green, which help to create a natural and serene atmosphere. The artist has used contrasting elements, such as the bird's black color against the lighter background, to add visual interest and depth to the painting. The focus point of the painting is the bird, which is positioned in a way that draws the viewer's attention towards it. The use of light and dark intensities, as well as the contrasting elements, contribute to the overall balance and rhythm of the painting.

The artist has also used different proportions to create a sense of scale and perspective within the painting. The bird, being a smaller element, is positioned in the foreground, while the trees in the background are larger and more distant. This use of proportions helps to create a sense of depth and distance within the forest scene.

In summary, the painting is a well-composed forest scene with a bird perched on a tree branch. The artist has used a variety of colors, contrasting elements, and different proportions to create a sense of depth, balance, and rhythm within the painting. The focus point of the painting is the bird, which is positioned in a way that draws the viewer's attention towards it."
b129f69309638fda34b7da2ebbfce83a.jpg,"The painting features a close-up of a person's face, with a focus on their eye. The eye is the main subject of the painting, and it is depicted in a vibrant blue color. The rest of the face is painted in a warm orange tone, creating a striking contrast between the two colors. The painting is composed in a way that emphasizes the eye, drawing the viewer's attention to it. The colors used in the painting are unified, with the blue eye and the orange face working together to create a harmonious visual effect. The balance between the elements and colors is achieved through the use of light and dark intensities, with the blue eye being the focal point and the orange face providing a sense of depth and dimension. The painting does not have a specific pattern, but the use of contrasting colors and the close-up perspective create a sense of movement and visual interest. The focus point of the painting is the eye, and the artist achieves this focus through the use of light and shadow, as well as the contrasting colors. The painting does not use a specific pattern, but the close-up perspective and the use of contrasting colors create a sense of rhythm and flow. The artist uses contrast in this work, with the blue eye and the orange face working together to create a visually striking painting."
317cbd7af35213a4a80e5d31e30368e8.jpg,"The painting features a cat swimming in a body of water, surrounded by various elements. The cat is positioned in the center of the image, with its body partially submerged in the water. The cat's tail is visible, extending outwards from its body. 

There are several fish in the painting, with some swimming near the cat and others scattered throughout the water. The fish are of different sizes and positions, adding depth and movement to the scene. 

The colors used in the painting are predominantly blue and green, with the cat's fur being a shade of brown. The blue and green colors create a sense of tranquility and calmness, while the brown fur adds warmth and life to the scene. 

The focus of the painting is the cat swimming in the water, with the fish surrounding it. The cat's position and the fish's movement create a sense of motion and flow, while the contrasting colors and the use of light and dark intensities add depth and interest to the image. The painting showcases a sense of balance between the elements and colors, with the cat and fish working together to create a harmonious and visually appealing scene."
e2e69c417d307e48ed275826300dacbd.jpg,"The painting is a lush, green forest scene with a focus on the trees and the sunlight filtering through the foliage. The trees are positioned in various orientations, creating a sense of depth and movement within the scene. The sunlight creates a warm, golden glow, illuminating the forest and casting shadows on the trees. The colors used in the painting are predominantly green, with the trees being the main focus, and the sunlight adding a touch of warmth to the scene. The painting has a sense of balance and harmony, with the trees and sunlight working together to create a serene and peaceful atmosphere. The focus point of the painting is the sunlight filtering through the trees, creating a sense of depth and movement within the scene. The artist used contrast in the painting, with the use of light and dark intensities, as well as the use of opposite color schemes. The painting also features a pattern of circular arrangements, with the trees being positioned in a circular formation. The artist used different proportions to create a sense of depth and movement within the scene, with the trees being the main focus and the sunlight adding a touch of warmth to the painting."
a67ca6813835e5e58961d4336e46c197.jpg,"The painting features a beautiful waterfall surrounded by lush greenery, including trees and bushes. The waterfall is positioned in the center of the painting, with the surrounding greenery extending outwards. The waterfall is the main focus of the painting, and it is depicted in a way that captures its flow and movement. The colors used in the painting are predominantly green, with the waterfall being a mix of blue and green. The overall arrangement of the elements is balanced, with the waterfall being the central point and the surrounding greenery providing a sense of depth and dimension. The artist has used contrast in the painting, with the waterfall being the lightest element and the surrounding greenery being the darkest. The focus point of the painting is the waterfall, and the artist has achieved this by using light and dark intensities, as well as contrasting elements. The painting also features a pattern of circular shapes, with the waterfall being the central point and the surrounding greenery forming a circular shape around it. The artist has used different proportions to create a sense of depth and dimension, with the waterfall being larger than the surrounding greenery."
9fab78a3b8c1e0126dcc943baee8918d.jpg,"The painting features a sword, which is the main focus of the image, positioned in the center of the scene. The sword is surrounded by a variety of elements, including a dragon, a moon, and a few flowers. The dragon is located on the left side of the sword, while the moon is positioned above the sword, and the flowers are scattered around the sword and the dragon.

The colors used in the painting are predominantly blue and red, with the sword being predominantly blue. The dragon is red, and the flowers are a mix of red and blue. The overall arrangement of the elements is balanced, with the sword being the central focus, and the dragon, moon, and flowers surrounding it.

The painting has a sense of movement, with the sword appearing to be in motion, and the dragon and flowers adding to this dynamic. The rhythm in the visualization of elements is regular, with the sword being the central point, and the surrounding elements following a pattern.

The focus point of the painting is the sword, and the artist achieves this focus through the use of contrast, with the sword being the only predominantly blue element in the painting. The artist also uses light and dark intensities, with the sword being the brightest element in the painting, and the surrounding elements being darker.

The painting features a variety of proportions, with the sword being the largest element, and the dragon, moon, and flowers being smaller. The use of different proportions adds depth and interest to the painting, and contributes to the overall visual impact of the work."
a25602e9ef1dc788c586c70081a442f2.jpg,"The painting features a blue dragon with a face and a pair of wings, surrounded by various elements. The dragon is positioned in the center of the image, with its wings spread out to the left and right sides. The face of the dragon is positioned towards the bottom left corner of the image. 

In addition to the dragon, there are several other elements in the painting. There are two birds, one located towards the top left corner and the other towards the top right corner. A key is also present in the painting, situated in the bottom right corner. 

The colors used in the painting are predominantly blue, with the dragon being the most prominent blue element. The birds are also blue, while the key is yellow. The overall arrangement of the elements is visually appealing, with a sense of balance and harmony between the different elements. The focus point of the painting is the dragon, and the artist has achieved this focus through the use of contrast, light and dark intensities, and the contrasting elements within the painting."
0875a6148f7da92df0fc6a258bf00c77.jpg,"The painting features a person walking through a rocky landscape, with a large archway or doorway in the background. The person is positioned towards the center of the image, with the archway on their right side. The rocks surrounding the person and the archway create a sense of depth and dimension in the scene.

The colors used in the painting are predominantly shades of blue and purple, which give the image a serene and calming atmosphere. The blue and purple hues are used to create a sense of depth and contrast with the rocks, which are predominantly brown and gray.

The focus of the painting is the person walking through the archway, with the rocks and the archway providing a sense of depth and dimension. The use of contrasting colors and the person's movement create a sense of rhythm and flow in the image. The artist has used contrast in the painting, with the person being the focal point and the archway providing a sense of depth and contrast. The use of light and dark intensities, as well as the contrasting elements, contribute to the overall visual impact of the painting."
b81f8506ba3431e9fbc8c0d74b93b61e.jpg,"The painting features a man standing on a boat in the middle of a body of water, with a cityscape in the background. The man is positioned towards the right side of the boat, and the boat is located in the center of the image. The cityscape is composed of buildings and a clock, which are situated on the left side of the painting.

There is a sense of unity between the elements, colors, and overall arrangement. The man on the boat serves as the focal point of the painting, and the cityscape in the background adds depth and context to the scene. The use of light and dark intensities, as well as contrasting elements, creates a sense of balance and harmony in the painting.

The colors used in the painting are predominantly shades of blue, which are used to create a sense of calmness and tranquility. The man on the boat is dressed in white, which adds a touch of brightness and contrast to the overall composition. The clock in the cityscape is a notable element that adds a sense of time and movement to the painting.

The rhythm in the visualization of elements is regular, with the man on the boat serving as the central point of interest. The cityscape in the background adds a sense of depth and dimension to the painting. The use of contrast in the painting is evident, with the man in white standing out against the blue background. The clock in the cityscape also adds a sense of movement and time to the composition.

The focus point of the painting is the man on the boat, and the artist achieves this focus through the use of light and shadow, as well as the contrasting elements in the painting. The use of different proportions in the painting is evident, with the man on the boat being larger than the cityscape in the background. This use of proportion adds a sense of scale and depth to the painting.

In conclusion, the painting is a well-composed and visually appealing work that features a man on a boat in the middle of a body of water, with a cityscape in the background. The use of light and dark intensities, contrasting elements, and different proportions all contribute to the overall harmony and balance of the painting."
61c2cd743bdc498fe59b9a7b29c539d9.jpg,"The painting features a large tree with a house built into its side, surrounded by a forest. The tree is the central focus of the painting, with its branches extending outwards and upwards. The house is situated towards the bottom of the tree, with a staircase leading up to it. The forest is depicted in the background, with trees and bushes scattered throughout the scene.

The colors used in the painting are predominantly green, with the tree being the main source of greenery. The house is painted in a lighter shade of green, while the forest is depicted in various shades of green, brown, and black. The overall composition of the painting is balanced, with the tree being the central focus and the house and forest providing a sense of depth and dimension. The use of contrast in the painting is evident, with the lighter shade of green used for the house providing a stark contrast to the darker shades of green used for the forest. The painting also features a sense of movement, with the branches of the tree extending outwards and upwards, creating a dynamic and lively atmosphere."
2174b333c91d2fa7d936e97e4386d983.jpg,"The painting features a beautiful sunset over the ocean, with the sun positioned in the center of the scene. The sun is surrounded by a warm orange hue, creating a serene atmosphere. The ocean is depicted with a variety of waves, some large and crashing, while others are smaller and more gentle. The clouds in the sky are scattered throughout the scene, adding depth and dimension to the image.

The elements in the painting are positioned in a way that creates a sense of balance and harmony. The sun is the focal point of the painting, with the waves and clouds surrounding it, creating a sense of movement and energy. The colors used in the painting are warm and inviting, with the orange hues of the sunset and the blue-greens of the ocean creating a sense of tranquility.

The artist has used contrast in the painting, with the use of light and dark intensities, as well as the use of opposite color schemes. The warm orange hues of the sunset contrast with the cooler blue-greens of the ocean, creating a visually striking scene. The waves and clouds add an additional layer of contrast, with the larger waves creating a sense of movement and energy, while the smaller waves and clouds add a sense of calm and tranquility.

The painting also features a sense of rhythm, with the waves and clouds arranged in a way that creates a sense of flow and movement. The focus point of the painting is the sun, with the waves and clouds surrounding it, drawing the viewer's eye towards it. The artist has used different proportions in the painting, with the sun being larger than the waves and clouds, but still maintaining a sense of balance and harmony.

Overall, the painting is a beautiful and visually striking scene that captures the beauty of the ocean and the warmth of a sunset. The artist has used a variety of elements and colors to create a sense of balance, harmony, and movement, making the painting a truly captivating work of art."
dd5d1b60db599be5e8c238bee8462a15.jpg,"The painting features a woman kneeling in front of a large, ornate building with a cathedral-like appearance. She is praying, with her hands clasped in front of her. The woman is positioned in the center of the image, and the building is located behind her, extending from the left to the right side of the painting.

There are several elements in the painting, including a clock on the building's wall, a bench near the right edge of the image, and a vase placed on the ground in the foreground. The clock is positioned above the bench, and the vase is located on the ground to the left of the woman.

The painting exhibits a sense of unity and balance between the elements and colors. The woman's position and the building's architecture create a focal point in the image. The use of light and dark intensities, as well as contrasting elements, adds depth and interest to the painting. The woman's prayerful posture and the building's grandeur evoke a sense of reverence and reflection.

The painting features a variety of colors, including shades of brown, white, and gray. The woman's clothing is brown, while the building's exterior is predominantly white. The clock and vase also contribute to the color palette, with the clock's face featuring a contrasting color, and the vase being a shade of brown.

The painting's composition showcases a sense of movement and rhythm, with the woman's prayerful posture and the building's architectural details creating a dynamic visual experience. The focus point of the painting is the woman's prayerful moment, and the artist uses contrast to emphasize this focal point.

The use of different proportions in the painting adds depth and interest to the composition. The woman's figure is relatively small compared to the building, which emphasizes her vulnerability and humility in the face of the grand architecture. The building's size and grandeur contrast with the woman's small figure, creating a sense of scale and balance in the painting.

In conclusion, the painting is a well-composed work that showcases a sense of unity, balance, and depth. The artist uses a variety of elements, colors, and proportions to create a dynamic and engaging visual experience that captures the viewer's attention and evokes a sense of reflection and reverence."
fe4c7983efd3242e7322ecee9c665e68.jpg,"The painting features a man standing on a beach, looking out at the ocean. He is positioned in the center of the image, with the ocean stretching out behind him. The sky above him is filled with clouds, creating a dramatic backdrop for the scene. The clouds are scattered throughout the sky, with some closer to the man and others further away. The overall composition of the painting is balanced, with the man as the focal point and the ocean and sky providing a sense of depth and scale.

The colors used in the painting are predominantly shades of blue and gray, with the ocean and sky taking on these hues. The man is depicted in shades of blue and gray as well, blending in with the surrounding environment. The clouds are depicted in various shades of gray, adding to the overall atmosphere of the painting.

The painting conveys a sense of movement and rhythm, with the clouds swirling and the ocean waves crashing. The focus of the painting is the man standing on the beach, with the ocean and sky providing a sense of depth and scale. The use of contrast in the painting is evident, with the man standing in stark contrast to the vast ocean and sky. The different proportions used in the painting help to create a sense of scale and depth, with the man appearing small in comparison to the vastness of the ocean and sky."
7a566e1c05c0b42c118760aeecc47edb.jpg,"The painting features three red and white fish swimming in a pond with cherry blossoms surrounding them. The fish are positioned in the foreground, with one fish on the left side, another in the middle, and the third on the right side of the painting. The cherry blossoms are scattered throughout the painting, with some in the foreground, some in the middle, and others in the background. The colors used in the painting are predominantly red and white, with the red fish and the red cherry blossoms creating a strong visual contrast. The painting has a sense of movement, with the fish swimming through the water and the cherry blossoms swaying in the breeze. The focus of the painting is the interaction between the fish and the cherry blossoms, with the fish appearing to swim through the blossoms. The artist used contrast in the painting, with the use of light and dark intensities, as well as the use of opposite color schemes. The painting also features a sense of balance, with the elements and colors arranged in a visually pleasing manner. The use of different proportions in the painting adds depth and interest to the composition. Overall, the painting is a beautiful and dynamic representation of the interaction between fish and cherry blossoms."
39a2d1a7508ac84e097b717704ede66e.jpg,"The painting depicts a man and a woman walking together under an umbrella, sharing a tender moment. They are positioned in the center of the image, with the woman on the left and the man on the right. The umbrella is open, providing shelter from the elements, and is located above them, covering most of the upper part of the painting. The couple is walking through a forest, as indicated by the presence of trees in the background.

The painting features a variety of colors, including shades of green, yellow, and red, which create a vibrant and lively atmosphere. The umbrella is predominantly yellow, while the couple's clothing is predominantly green. The trees in the background are painted in shades of green, red, and yellow, adding depth and dimension to the scene.

The focus of the painting is the couple, with the umbrella serving as a unifying element that ties the entire composition together. The use of contrast in the painting is evident, with the bright colors of the umbrella and the couple's clothing contrasting against the darker tones of the forest. The rhythm in the visualization of elements is regular, with the couple walking in a steady, synchronized manner. The painting captures a sense of movement and flow, as the couple moves through the forest together."
d64d133d79b7ad425c6f52a8e02a09f5.jpg,"The painting features a mountainous landscape with a large, imposing mountain in the background. A pathway leads up the side of the mountain, with a staircase visible near the bottom of the mountain. The scene is painted in a watercolor style, giving it a lush and vibrant appearance.

The elements in the painting are positioned in a way that creates a sense of depth and perspective. The mountain takes up a large portion of the background, while the pathway and staircase are positioned closer to the viewer, giving the impression of a three-dimensional space. The colors used in the painting are rich and varied, with the mountain appearing in shades of blue and green, while the pathway and staircase are painted in shades of brown and yellow.

The painting exhibits a strong sense of balance and harmony, with the elements and colors arranged in a visually pleasing manner. The mountain serves as the focal point of the painting, with the pathway and staircase leading the viewer's eye up the mountain. The use of contrast in the painting is evident, with the darker shades of the mountain contrasting with the lighter shades of the pathway and staircase. The painting also features a sense of rhythm, with the pathway and staircase leading the viewer's eye in a flowing and dynamic manner.

The artist has used a variety of colors and proportions to create a sense of depth and movement in the painting. The use of light and dark intensities, as well as the contrasting elements, adds to the overall visual impact of the painting. The pattern within the elements is circular, with the mountain and pathway forming a curved shape that leads the viewer's eye up the mountain. The different proportions used in the painting serve to emphasize the sense of scale and depth within the scene."
e8cad5095d378494dcfc41b2d33d8915.jpg,"The painting features a wine glass filled with red wine, which is the main focus of the image. The glass is positioned in the center of the painting, with the wine flowing out of it, creating a sense of movement. The wine glass is surrounded by a colorful background, which includes a mix of red, green, blue, and yellow colors. These colors are used to create a sense of depth and visual interest in the painting. The overall composition of the painting is balanced, with the wine glass being the central point of interest, and the surrounding colors creating a sense of harmony. The artist has used contrast in the painting, with the red wine being the dominant color, and the surrounding colors providing a sense of balance and visual interest. The painting also features a sense of rhythm, with the flowing wine creating a sense of movement and flow. The focus point of the painting is the wine glass, and the artist has achieved this focus through the use of light and dark intensities, as well as the contrasting elements within the painting."
26c521930dd73c0bf8a8675b08698b51.jpg,"The painting features a night scene with a cityscape and a forest. The cityscape is depicted with a mix of houses, trees, and a moon in the sky. The forest is represented by a few trees, and the moon is visible in the sky above the city. The painting is composed with a focus on the contrast between the cityscape and the forest. The cityscape is depicted with a mix of houses, trees, and a moon in the sky. The forest is represented by a few trees, and the moon is visible in the sky above the city. The painting is composed with a focus on the contrast between the cityscape and the forest. The cityscape is depicted with a mix of houses, trees, and a moon in the sky. The forest is represented by a few trees, and the moon is visible in the sky above the city. The painting is composed with a focus on the contrast between the cityscape and the forest. The cityscape is depicted with a mix of houses, trees, and a moon in the sky. The forest is represented by a few trees, and the moon is visible in the sky above the city. The painting is composed with a focus on the contrast between the cityscape and the forest. The cityscape is depicted with a mix of houses, trees, and a moon in the sky. The forest is represented by a few trees, and the moon is visible in the sky above the city. The painting is composed with a focus on the contrast between the cityscape and the forest. The cityscape is depicted with a mix of houses, trees, and a moon in the sky. The forest is represented by a few trees, and the moon is visible in the sky above the city. The painting is composed with a focus on the contrast between the cityscape and the forest. The cityscape is depicted with a mix of houses, trees, and a moon in the sky. The forest is represented by a few trees, and the moon is visible in the sky above the city. The painting is composed with a focus on the contrast between the cityscape and the forest. The cityscape is depicted with a mix of houses, trees, and a moon in the sky. The forest is represented by a few trees, and the moon is visible in the sky above the city. The painting is composed with a focus on the contrast between the cityscape and the forest. The cityscape is depicted with a mix of houses, trees, and a moon in the sky. The forest is represented by a few trees, and the moon is visible in the sky above the city. The painting is composed with a focus on the contrast between the cityscape and the forest. The cityscape is depicted with a mix of houses, trees, and a moon in the sky. The forest is represented by a few trees, and the moon is visible in the sky above the city. The painting is composed with a focus on the contrast between the cityscape and the forest. The cityscape is depicted with a mix of houses, trees, and a moon in the sky. The forest is represented by a few trees, and the moon is visible in the sky above the city. The painting is composed with a focus on the contrast between the cityscape and the forest. The cityscape is depicted with a mix of houses, trees, and a moon in the sky. The forest is represented by a few trees, and the moon is visible in the sky above the city. The painting is composed with a focus on the contrast between the"
396c98cd5eb93e2e30d71431ad12ba8a.jpg,"The painting features a lighthouse towering over a body of water, with a ship sailing in the distance. The lighthouse is positioned towards the center of the painting, while the ship is located towards the right side. The water appears to be rough, adding a sense of movement to the scene.

The colors used in the painting are predominantly blue and white, with the lighthouse being predominantly white and the water being a deep blue. The ship is painted in a lighter shade of blue. The artist has used contrasting elements to create a sense of depth and balance in the painting.

The focus point of the painting is the lighthouse, which stands out as the main subject. The artist has used light and dark intensities to create a sense of depth and contrast in the painting. The use of contrasting elements, such as the lighthouse and the ship, adds to the overall visual interest of the painting.

The painting also features a pattern of circular shapes, which can be seen in the arrangement of the lighthouse and the ship. The use of different proportions in the painting adds to the overall composition and balance of the work.

Overall, the painting is a well-structured and visually interesting composition, with a strong focus on the lighthouse and the use of contrasting elements to create depth and balance. The artist has used a variety of colors and patterns to create a dynamic and engaging visual experience."
aa63fcb5f3f054e41426727b2084dc2e.jpg,"The painting features a large bird, possibly a heron, standing in a body of water, possibly a lake or a river. The bird is positioned towards the center of the painting, with its reflection visible in the water. The bird is surrounded by a serene environment, with trees and bushes visible in the background. The colors used in the painting are predominantly shades of blue and green, which create a sense of tranquility and calmness. The artist has used contrasting elements, such as light and dark intensities, to create depth and visual interest in the painting. The focus point of the painting is the bird, and the artist has achieved this by using a close-up perspective and emphasizing the bird's reflection in the water. The use of different proportions in the painting adds to the overall composition, creating a sense of balance and harmony."
fe52baad9432a25851278bfa7ec3a86f.jpg,"The painting is a colorful and vibrant depiction of a forest scene. The elements in the painting are positioned in a way that creates a sense of depth and movement. The trees are the main focus of the painting, with their branches and leaves filling the majority of the image. The trees are positioned in various orientations, creating a sense of depth and movement. The water is also a prominent feature in the painting, with its ripples and reflections adding to the overall visual interest. The colors used in the painting are rich and varied, with the trees being predominantly green, and the water being a mix of blue and white. The artist has used contrast in the painting, with the use of light and dark intensities, as well as the use of opposite color schemes. The focus point of the painting is the viewer's eye, as it is drawn through the trees and water to the horizon. The artist has used different proportions to create a sense of scale and depth, with the trees being the largest element in the painting, and the water being smaller but still prominent. The painting also features a pattern of circular shapes, with the trees being the central element and the water surrounding them. Overall, the painting is a harmonious and visually engaging representation of a forest scene."
4dceb2db532d3e56bfadf5b1a28713c2.jpg,"The painting features a majestic castle with a large, tall tower at the center. The castle is surrounded by a lush green forest, creating a sense of harmony between the man-made structure and the natural environment. The castle is positioned on top of a hill, giving it a sense of prominence and power.

The painting is composed of various elements, including the castle, the forest, and the sky. The castle is the main focus of the painting, with its tall tower standing out against the sky. The forest is depicted in a lush green color, creating a sense of depth and dimension. The sky serves as a backdrop, providing a sense of scale and perspective.

The colors used in the painting are predominantly earthy tones, such as greens, browns, and blues. These colors create a sense of warmth and natural beauty, while also emphasizing the grandeur of the castle. The painting also features a red flag, which adds a pop of color and serves as a visual focal point.

The painting has a sense of balance and rhythm, with the castle tower serving as the central point of interest. The forest and sky provide a sense of depth and movement, while the red flag adds a touch of contrast and visual interest. The overall composition of the painting is well-structured and visually appealing, with a strong focus on the castle and its surroundings."
f78e6b6a97e7c5bb2d9b77952e43b428.jpg,"The painting is a black and white representation of the yin and yang symbol, which is a central element in the composition. The yin and yang symbol is a circle with two smaller circles, one on top of the other, and a line connecting them. The larger circle represents yang, while the smaller circle represents yin. The line connecting the two circles represents the balance between the two forces.

In addition to the yin and yang symbol, the painting also features a moon, a bird, and a few stars. The moon is positioned on the right side of the painting, while the bird is located in the middle of the painting. The stars are scattered throughout the painting, with some located near the top, middle, and bottom of the image.

The painting has a sense of unity and balance between the elements and colors. The black and white color scheme creates a sense of harmony and balance, while the different elements and shapes are arranged in a visually pleasing manner. The focus of the painting is on the yin and yang symbol, which serves as the central point of the composition. The artist uses contrast in the painting, with the use of light and dark intensities, as well as the contrasting elements of the yin and yang symbol, the moon, the bird, and the stars. The painting also features a pattern within the elements, with the circular arrangement of the yin and yang symbol, the bird, and the stars. The use of different proportions in the painting serves to emphasize the balance between the forces of yin and yang."
b0c8ad1947f1a30d4d746c963696f4ce.jpg,"The painting is a futuristic cityscape with a focus on a large tower, which is the central element of the composition. The tower is surrounded by various buildings, including a large space station, which adds to the overall visual interest of the scene. The cityscape is filled with different types of spaceships, some of which are flying in the sky, while others are docked at the space station.

The elements in the painting are positioned in a way that creates a sense of depth and movement. The tower is positioned in the foreground, while the space station and other buildings are positioned in the background. The spaceships are scattered throughout the scene, with some flying in the sky and others docked at the station.

The colors used in the painting are predominantly shades of blue, which gives the scene a futuristic and technological feel. The use of light and dark intensities, as well as the contrasting elements, adds to the visual interest of the painting.

The focus point of the painting is the large tower, which is the central element of the composition. The tower is surrounded by various buildings, including a large space station, which adds to the overall visual interest of the scene. The cityscape is filled with different types of spaceships, some of which are flying in the sky, while others are docked at the station.

The artist uses contrast in this work, with the use of light and dark intensities, as well as the contrasting elements. The painting has a sense of rhythm, with the movement of the spaceships and the overall layout of the scene. The focus is obtained through the use of the large tower as the central element, with the other elements surrounding it and adding to the overall visual interest of the painting."
1c501095b675902362f6e9dcc8bab246.jpg,"The painting features a woman standing near a body of water, possibly a lake or a river. She is positioned towards the center of the image, with her back facing the viewer. The woman appears to be looking out over the water, possibly enjoying the view or contemplating something. The water is visible in the background, stretching across the entire width of the image.

There are several elements in the painting, including a boat located towards the right side of the image, and a clock positioned towards the top right corner. The boat appears to be floating on the water, while the clock serves as a decorative element in the scene. The woman's hair is blowing in the wind, adding a sense of movement to the painting.

The colors used in the painting are predominantly warm and cool tones, with the woman's hair being a warm color, and the water being a cool color. The artist has used contrasting elements to create a sense of depth and dimension in the painting. The focus point of the painting is the woman, and the artist has achieved this by using light and dark intensities, as well as contrasting elements to draw the viewer's attention to her. The painting also features a pattern of circular shapes, which adds an interesting visual element to the composition."
b3de88d2fa3fbf442749bcbf10bb8939.jpg,"The painting is a vibrant and colorful representation of the night sky. The elements in the painting are positioned in a way that creates a sense of depth and movement. The sky is filled with stars, which are scattered throughout the scene, creating a sense of vastness. The clouds are positioned in the foreground, adding an element of contrast and depth to the painting. The city lights are visible in the background, creating a sense of balance between the natural and man-made elements.

The colors used in the painting are predominantly blue and orange, with the blue representing the night sky and the orange representing the city lights. The use of these colors creates a sense of warmth and energy in the painting. The movement in the painting is visualized through the swirling clouds and the stars, which add a sense of dynamism to the scene. The rhythm in the painting is achieved through the alternating use of light and dark colors, as well as the contrasting elements of the natural and man-made worlds.

The focus point of the painting is the night sky, which is achieved through the use of light and dark colors, as well as the contrasting elements of the stars and the city lights. The artist uses contrast in this work through the use of light and dark intensities, as well as the opposite color uses of blue and orange. The painting also features a pattern within the elements, with the circular arrangement of the stars and the triangular arrangement of the city lights. The use of different proportions in the painting is achieved through the contrasting elements of the natural and man-made worlds, as well as the contrasting elements of the foreground and background."
72519c5ccf08e7533cfa5dc154d8a968.jpg,"The painting features a man and a woman walking together in a snowy landscape. The man is wearing a black coat, while the woman is holding an umbrella to shield them from the snow. They are walking in front of a mountain, creating a sense of depth and distance in the scene. The woman is wearing a white dress, which contrasts with the black coat of the man.

The elements in the painting are positioned in a way that creates a sense of movement and harmony. The man and woman are the main focus of the painting, and their positioning in the foreground draws the viewer's attention to them. The mountain in the background adds depth and scale to the scene, while the snowy landscape creates a sense of atmosphere and mood.

The colors used in the painting are predominantly white and black, with the white dress of the woman and the black coat of the man creating a strong contrast. The snowy landscape is depicted in shades of gray and white, adding to the overall atmosphere of the painting.

The painting has a sense of rhythm, with the couple walking in a steady, deliberate manner. The use of light and dark intensities, as well as the contrasting elements of the man's black coat and the woman's white dress, add to the overall visual interest of the painting.

The focus point of the painting is the couple walking together, with the mountain in the background serving as a secondary element. The use of contrast in the painting, as well as the pattern created by the couple's movement and the mountain's shape, adds to the overall visual appeal of the work.

The painting features a variety of proportions, with the couple taking up a significant portion of the foreground, while the mountain in the background serves as a smaller, yet still important element. The use of different proportions in the painting helps to create a sense of depth and scale, as well as to emphasize the couple's movement and the overall atmosphere of the scene."
437f14c6a2218e91d70e2ed77a05ee36.jpg,"The painting features a night sky filled with stars, a rocket, and a person. The person is positioned towards the bottom right corner of the painting, while the rocket is located in the upper right section. The stars are scattered throughout the sky, with some closer to the person and others further away. The colors used in the painting are predominantly dark, with the stars being the only bright element in the scene. The focus of the painting is on the person and the rocket, with the night sky serving as a backdrop. The artist has used contrast in the painting, with the person and the rocket being the main focal points, while the stars provide a sense of depth and movement in the scene. The use of different proportions in the painting adds to the overall composition, creating a sense of balance and harmony."
d8c5f661e9d5ffa8bffc814a3fc6e935.jpg,"The painting features a mountainous landscape with a cloudy sky, creating a sense of depth and atmosphere. The focus of the painting is the cloudy sky, which is the main subject and dominates the composition. The clouds are positioned in various shapes and sizes, filling the majority of the sky and creating a sense of movement and dynamism. The mountain range is visible in the background, adding to the overall grandeur of the scene.

The painting is characterized by a harmonious color palette, with shades of blue and white predominating. The clouds are depicted in various shades of blue, while the mountain range is depicted in shades of white. The overall arrangement of the elements is balanced, with the cloudy sky taking up a significant portion of the space, while the mountain range serves as a subtle, yet important, background element.

The use of light and dark intensities, as well as contrasting elements, is evident in the painting. The clouds are depicted in various shades of blue, with some being lighter and others being darker. The mountain range is depicted in shades of white, which contrasts with the darker shades of the clouds. The use of contrast in the painting helps to create depth and visual interest, as well as to draw the viewer's attention to the main subject, the cloudy sky.

The painting also features a sense of rhythm, with the clouds being arranged in various shapes and sizes, creating a sense of movement and flow. The mountain range serves as a stable, yet subtle, element that contrasts with the dynamic clouds. The focus point of the painting is the cloudy sky, which is obtained through the use of light and dark intensities, contrasting elements, and the overall arrangement of the elements in the composition.

The painting also features a sense of pattern, with the clouds being arranged in various shapes and sizes, creating a sense of circular or triangular arrangements. The mountain range serves as a subtle, yet important, element that contrasts with the dynamic clouds. The use of different proportions is also evident in the painting, with the cloudy sky taking up a significant portion of the space, while the mountain range serves as a subtle, yet important, background element.

In conclusion, the painting is a well-composed and visually interesting work that features a harmonious color palette, a sense of depth and atmosphere, and a focus on the cloudy sky. The use of light and dark intensities, contrasting elements, and the overall arrangement of the elements in the composition help to create a sense of movement, flow, and visual interest, while the mountain range serves as a subtle, yet important, background element."
d792700abadc24170124b8b01915d5f8.jpg,"The painting features a small brown and white animal, possibly a hyena or a lemur, with a large eye and a nose. The animal is positioned in the center of the painting, and its gaze is directed towards the viewer. The background of the painting is filled with a variety of colors, creating a vibrant and lively atmosphere. The colors are used to create a sense of depth and dimension, with the animal standing out against the colorful background. The painting also features a few other elements, such as a bird and a tree, which are positioned towards the right side of the painting. These elements add to the overall composition and create a sense of balance and harmony within the painting. The artist has used contrasting elements, such as light and dark intensities, to create a sense of movement and rhythm within the painting. The focus point of the painting is the animal, and the artist has achieved this by directing the viewer's attention towards it through the use of color, contrast, and composition."
8b2e6c3080203d4d1badfa56b753a6d3.jpg,"The painting features a serene landscape with a river flowing through a forest. The river is surrounded by trees, and the sky is filled with stars, creating a sense of tranquility. There are three people in the scene, possibly enjoying the peaceful surroundings. The focus of the painting is the river, which is the central element of the composition. The people are positioned near the river, and the trees are scattered throughout the scene, adding depth and dimension to the landscape.

The colors used in the painting are predominantly shades of blue, purple, and green, which contribute to the overall mood of the scene. The blue of the sky and the purple of the night sky create a sense of depth and contrast with the green of the trees. The use of contrasting colors and light and dark intensities adds to the visual interest of the painting.

The rhythm in the visualization of elements is regular, with the river flowing through the forest and the trees surrounding it. The focus point of the painting is the river, which is the central element of the composition. The use of contrast in the painting is evident, with the people standing out against the darker background of the trees and the sky. The artist has used different proportions to create a sense of depth and balance in the scene, with the river taking up a significant portion of the image and the trees and people filling in the surrounding space."
6c21114880937e39b4bea10ce45567c2.jpg,"The painting features a large, intricate stone structure with a spiral staircase leading upwards. The staircase is surrounded by a group of people, some of whom are standing closer to the structure while others are further away. The people are positioned in various directions, creating a sense of depth and movement in the scene.

The colors used in the painting are predominantly earth tones, giving the scene a natural and organic feel. The use of light and dark intensities, as well as contrasting elements, adds depth and interest to the composition. The focus point of the painting is the spiral staircase, which draws the viewer's eye upwards and invites them to explore the structure further.

The painting also features a variety of shapes and forms, including the circular shape of the staircase and the triangular shape of the structure. The use of different proportions adds variety and interest to the composition, while the overall arrangement creates a sense of balance and harmony.

In summary, the painting is a well-composed and visually engaging work that features a large stone structure with a spiral staircase, surrounded by a group of people. The use of earth tones, contrasting elements, and varied shapes and forms creates a sense of depth, movement, and balance in the scene."
1eb250ac61e9ffca969c5f528ead6b23.jpg,"The painting features a mountainous landscape with a large mountain in the background, a tree in the foreground, and a body of water in the middle. The mountain is depicted in a darker shade of blue, while the tree is painted in a lighter green. The body of water is a mix of blue and green, creating a sense of depth in the scene. The overall composition of the painting is balanced, with the mountain and tree providing a sense of scale and the body of water tying the elements together.

The colors used in the painting are rich and vibrant, with the darker shades of blue and green providing a sense of depth and contrast. The lighter green of the tree adds a touch of warmth to the scene. The artist has used contrast in the painting, with the darker shades of blue and green providing a sense of depth and contrasting with the lighter green of the tree. The use of light and dark intensities, as well as the contrasting elements, creates a sense of movement and flow in the painting.

The focus point of the painting is the large mountain in the background, which draws the viewer's eye towards it. The mountain is depicted in a darker shade of blue, which contrasts with the lighter green of the tree in the foreground. The use of contrast in the painting helps to create a sense of depth and balance in the scene. The artist has also used different proportions in the painting, with the large mountain in the background and the tree in the foreground providing a sense of scale and perspective.

Overall, the painting is a well-structured and visually appealing composition, with a sense of depth, balance, and movement. The use of contrasting colors and elements helps to create a sense of depth and perspective, while the different proportions and patterns within the elements add to the overall visual appeal of the painting."
0ed30ccd0baf1c1332e6e082c64455a4.jpg,"The painting features a serene landscape with a river flowing through a valley, surrounded by snow-covered mountains. The scene is painted in a warm, earthy color palette, with reds, oranges, and yellows creating a sense of warmth and tranquility. The focus of the painting is the river, which is depicted in a flowing, dynamic manner, with the water reflecting the surrounding landscape.

The elements in the painting are positioned in a way that creates a sense of depth and balance. The mountains are depicted in the background, with the river flowing through the valley, and the trees are positioned along the riverbank. The trees are depicted in a variety of sizes and shapes, adding visual interest and depth to the painting. The overall composition of the painting is harmonious, with the different elements working together to create a cohesive and visually appealing scene.

The artist uses contrast in the painting, with the warm colors of the landscape contrasting against the cooler tones of the snow-covered mountains. The use of light and dark intensities, as well as the contrasting elements, adds depth and interest to the painting. The focus point of the painting is the river, which is depicted in a flowing, dynamic manner, with the water reflecting the surrounding landscape. The painting also features a sense of rhythm, with the river flowing in a regular, alternating pattern, and the trees along the riverbank adding a sense of movement and flow to the scene.

The artist uses different proportions in the painting, with the river taking up a significant portion of the image, and the mountains and trees filling the background. The use of different proportions adds depth and interest to the painting, and helps to create a sense of scale and perspective. The painting also features a pattern within the elements, with the trees along the riverbank arranged in a circular or triangular pattern, adding visual interest and balance to the scene.

In conclusion, the painting is a beautiful and harmonious representation of a serene landscape, with a focus on the flowing river and the surrounding mountains and trees. The artist uses a warm, earthy color palette, contrasting elements, and different proportions to create a sense of depth, balance, and visual interest in the painting."
