image_filename,composition,unity_elements,unity_colors,balance_elements,balance_colors,elements,describe_elements,colors,describe_colors,movement,rhythm,focus_point,contrast_elements,contrast_colors,patterns,proportion,edgar_payne
./images/d64d133d79b7ad425c6f52a8e02a09f5.jpg,"The painting is a beautifully composed landscape with a dramatic sky filled with fluffy clouds and a hint of sunlight breaking through. A rugged mountain range dominates the right side of the image, with a pathway leading up to a castle-like structure perched atop a cliff. The foreground features a variety of trees and shrubs, with some in full bloom displaying vibrant red and green colors. The entire scene is bathed in a mix of cool and warm tones, creating a sense of depth and dimension. The artist has skillfully used contrast, both in terms of light and dark, to draw attention to the castle and the pathway, making them the focal points of the painting. The use of different proportions, especially in the trees and the castle, adds to the sense of scale and grandeur of the scene.</s>"
./images/d8c5f661e9d5ffa8bffc814a3fc6e935.jpg,"The painting is a serene night scene, dominated by a deep blue sky filled with fluffy white clouds and a bright moon. Below the sky, there's a silhouette of a landscape with rolling hills, a cluster of trees, and a field of tall grasses swaying in the wind. The artist has used a gradient of colors, transitioning from the deep blue of the sky to the lighter shades of blue and white in the clouds and grass. The moonlight casts a soft glow on the landscape, creating a sense of tranquility. The use of contrast, especially between the dark silhouettes and the bright moon and sky, adds depth and dimension to the scene. The focus point of the painting is the moon, which draws the viewer's eye upwards, and the rolling hills provide a sense of depth and perspective.</s>"
./images/9fab78a3b8c1e0126dcc943baee8918d.jpg,"The painting is a masterful blend of fantasy and artistry. At the center, a sword is prominently displayed, its blade glowing with a radiant light, contrasting with the darker background. Surrounding the sword is a swirling, ethereal dragon, rendered in shades of blue and red, creating a sense of movement and energy. The dragon's scales and the sword's intricate designs are detailed, suggesting a connection between the two. The dragon's fiery red tendrils contrast with the cool blue hues, adding depth and dynamism to the composition. The background is dark, with specks of red, possibly representing petals or embers, adding to the mystical ambiance. The focus of the painting is the sword and the dragon, with the sword acting as the central point, drawing the viewer's eye. The artist has used contrasting colors, light and dark intensities, and patterns to create a visually captivating and emotionally resonant piece.</s>"
./images/24c5eda44962442b432db52c7dfd5d1a.jpg,"The painting is a beautiful representation of a forest scene during winter. The trees are tall and slender, with their trunks covered in snow, and their branches are bare, creating a stark contrast against the blue sky. The ground is covered in snow, and there are patches of light filtering through the trees, creating a serene atmosphere. In the foreground, there are birds perched on branches, and in the middle, there is a small figure, possibly a person, standing amidst the snow. The color palette is dominated by shades of blue, white, and gray, with a touch of warm yellow in the light patches. The artist has used contrast effectively, with the dark silhouettes of the birds and the figure against the bright snowy background. The focus of the painting is the small figure in the middle, drawing the viewer's attention to their solitude amidst the vastness of the forest.</s>"
./images/9ecc59478f04350c181bb99b75a1e6c4.jpg,"The painting is a vibrant and colorful depiction of a couple walking under an umbrella on a pathway illuminated by street lamps. The left side of the painting is dominated by a fiery red and orange palette, representing the autumn leaves, while the right side is cooler with blues and whites, possibly representing the sky or a water body. The couple is positioned centrally, with the woman holding the umbrella and the man walking beside her. The pathway they are on is surrounded by these colorful leaves, creating a mosaic effect. The street lamps add a touch of warmth to the scene, with their round, glowing orbs. The overall composition is balanced, with the couple serving as the focal point, surrounded by the vibrant colors of nature. The artist has used contrast effectively, with the bright colors of the leaves juxtaposed against the cooler tones of the sky and water. The use of light and dark intensities, as well as the alternating color patterns, adds depth and movement to the painting.</s>"
./images/b81f8506ba3431e9fbc8c0d74b93b61e.jpg,"The painting is a beautiful depiction of a harbor scene during sunset. The sky is painted with hues of blue, orange, and yellow, with numerous stars scattered across, giving the impression of a clear night. The sun is setting on the horizon, casting a warm glow over the water. In the foreground, there are two boats, one larger with multiple masts and sails, and a smaller one with a single person standing on it, looking out at the horizon. The reflection of the boats and the sky can be seen in the calm water. The cityscape is visible in the background, with buildings and lights illuminating the night. The artist has used a rich palette of colors, and the use of light and shadow creates depth and dimension in the painting. The focus point seems to be the horizon where the sun is setting, drawing the viewer's eye towards it. The artist has also used contrast, especially with the dark silhouette of the person against the brightly lit background.</s>"
./images/0875a6148f7da92df0fc6a258bf00c77.jpg,"The painting is a surrealistic depiction of a landscape with a large, ornate, and partially crumbled archway in the center. The archway frames a serene sunset or sunrise over a calm body of water. A solitary figure stands in the distance, gazing at the horizon. The colors used in the painting are vibrant and range from deep blues and purples to warm oranges and pinks. The use of light and shadow creates depth and dimension, and the contrast between the dark, rugged edges of the archway and the soft hues of the sky adds to the painting's dreamlike quality. The focus of the painting is the archway, which acts as a portal or gateway to another world or dimension. The artist has skillfully used perspective, with the archway appearing larger and more imposing in the foreground, gradually fading into the distance. The use of different proportions, with the figure being much smaller than the archway, emphasizes the grandeur and majesty of the structure.</s>"
./images/dd5d1b60db599be5e8c238bee8462a15.jpg,"The painting is a beautifully detailed depiction of a grand, gothic cathedral. The architecture is intricate, with tall arches, stained glass windows, and ornate carvings. The light streaming in from the windows creates a dramatic effect, casting shadows and illuminating the scene. In the foreground, a figure, possibly a knight or a warrior, is kneeling in prayer or contemplation. The figure is dressed in armor, suggesting a warrior's presence, yet the act of kneeling indicates a moment of reflection or worship. The color palette is rich, with deep reds, golds, and browns dominating the scene. The use of light and shadow, combined with the intricate details of the architecture, creates a sense of depth and atmosphere. The focus of the painting is the figure in the foreground, drawing the viewer's attention to the emotional intensity of the moment.</s>"
./images/0cfe6cbc00ffd9c46c5ca805eedb14a5.jpg,"The painting is a dramatic depiction of a battle scene set against a fiery red background. In the foreground, a warrior is poised on a rocky outcrop, wielding a weapon that emits a bright blue lightning bolt. Behind this warrior, another figure is seen, possibly an enemy, also on a rocky terrain, holding a weapon. The entire scene is illuminated by the intense lightning, casting sharp shadows and highlighting the contours of the rocks and the figures. The use of contrasting colors, such as the bright blue of the lightning against the deep red of the background, adds to the intensity of the scene. The composition is dynamic, with the warriors positioned as if they are in the midst of a fierce exchange. The focus point is the warrior with the lightning bolt, drawing the viewer's attention to the central action of the battle.</s>"
./images/61c2cd743bdc498fe59b9a7b29c539d9.jpg,"The painting is a beautiful representation of a traditional Asian landscape, possibly Japanese, with a serene setting. The composition is balanced with the temple or pagoda-like structure at the top, surrounded by lush greenery and trees. The temple is reflected in the water below, creating a mirror effect. The use of vibrant greens and muted grays gives the painting a tranquil and harmonious feel. The brush strokes are loose and expressive, adding to the overall impressionistic quality of the artwork. The focus point seems to be the temple, drawing the viewer's eye upwards to it. The artist has used contrast effectively, with the darker tones of the temple and the trees contrasting against the lighter background and water. The use of different proportions, especially the size of the trees in relation to the temple, adds depth and dimension to the scene.</s>"
./images/b3de88d2fa3fbf442749bcbf10bb8939.jpg,"The painting is a vivid depiction of a cosmic scene, where the sky is filled with swirling galaxies, stars, and nebulae. The central focus is a spiral galaxy that radiates a brilliant light, illuminating the surrounding space. Below, there's a serene landscape with a body of water reflecting the celestial wonders above. The horizon shows a cityscape with lights, suggesting the presence of life and civilization. The color palette is rich, with deep blues, purples, and pinks dominating the sky, contrasted by the warm oranges and yellows of the horizon. The use of light and shadow, combined with the swirling patterns, gives a sense of movement and depth to the painting. The artist has skillfully used contrasts, both in terms of light and dark, to draw attention to the central spiral galaxy and to create a sense of scale. The overall composition is harmonious, with each element complementing the other, creating a captivating visual experience.</s>"
./images/396c98cd5eb93e2e30d71431ad12ba8a.jpg,"The painting is a beautifully crafted artwork that showcases a lighthouse amidst a tumultuous sea. The lighthouse stands tall with alternating red and white stripes, and it is surrounded by swirling, multi-colored clouds that seem to emanate from the top of the lighthouse. Below the lighthouse, there are massive waves that are depicted in intricate detail, showcasing the power and unpredictability of the sea. The colors used in the painting are vibrant and range from deep blues to bright reds, creating a visually striking contrast. The focus of the painting is the lighthouse, which stands as a beacon of hope amidst the chaos of the sea. The artist has used contrasting elements, such as the bright red stripes of the lighthouse against the deep blue of the sea, to draw the viewer's attention to the center of the artwork. The swirling patterns in the clouds and waves add movement and dynamism to the painting, making it appear as though the scene is in motion. The artist has also used different proportions, with the lighthouse being much smaller than the surrounding elements, emphasizing its significance and role as a guiding light.</s>"
./images/4dceb2db532d3e56bfadf5b1a28713c2.jpg,"The painting is a masterful representation of a fantastical castle perched atop a rocky cliff, surrounded by lush greenery. In the foreground, three travelers on horseback approach the castle, their journey symbolized by the winding path they tread. The castle itself is a majestic structure, with multiple towers, battlements, and archways, all intricately detailed. The sky above is a mix of blue and white, with fluffy clouds scattered across. The use of light and shadow gives depth to the painting, and the overall composition is balanced, with the castle serving as the focal point. The artist has skillfully used a palette of vibrant colors, from the deep greens of the trees to the golden hues of the castle. The rhythm of the painting is steady, with the travelers' journey providing a sense of movement. The artist has also effectively used contrast, especially in the play of light and shadow, to emphasize the castle's grandeur.</s>"
./images/e8cad5095d378494dcfc41b2d33d8915.jpg,"The painting is a vibrant and dynamic representation of a wine glass filled with multicolored liquids. The glass is positioned centrally, with the liquids swirling and splashing outward in a visually striking manner. The colors used are a vivid array of reds, blues, yellows, greens, and purples, creating a sense of movement and energy. The splashes and swirls are intricately detailed, with droplets and beads of color scattered throughout. The background is dark, which accentuates the brightness and vibrancy of the colors in the glass. The focus of the painting is on the interplay of colors and the dynamic movement of the liquids, with the glass acting as a container that holds and reflects these vibrant hues.</s>"
./images/a67ca6813835e5e58961d4336e46c197.jpg,"The painting is a serene depiction of nature, featuring a waterfall cascading down a rocky cliff into a tranquil pond surrounded by lush greenery. Tall pine trees stand majestically in the background, their silhouettes contrasted against a softly colored sky that transitions from a light yellow at the top to a gentle pinkish hue near the horizon. The artist has used a variety of colors, from the deep greens of the trees and grass to the vibrant blues of the waterfall and pond. The use of light and shadow, especially around the trees and waterfall, adds depth and dimension to the scene. The focus of the painting is the waterfall, which acts as a central point, drawing the viewer's eye towards it. The artist has also used contrast, especially in the play of light and shadow, to emphasize the waterfall's cascading water and the rugged texture of the rocks.</s>"
./images/aa63fcb5f3f054e41426727b2084dc2e.jpg,"The painting is a beautifully composed piece of art that showcases a heron standing in water, surrounded by a vibrant and colorful environment. The heron is positioned centrally, with its long neck and slender body prominently displayed. The background consists of abstract shapes and colors, possibly representing trees or foliage, with a myriad of blues, yellows, and greens. The water reflects these colors, adding depth and dimension to the scene. The artist has used a palette knife technique, evident from the textured, layered brush strokes, which gives the painting a dynamic and three-dimensional feel. The use of contrasting light and dark tones, as well as the harmonious blending of colors, creates a visually pleasing and balanced composition.</s>"
./images/39a2d1a7508ac84e097b717704ede66e.jpg,"The painting is a vibrant and colorful depiction of two figures walking under an umbrella on what appears to be a rainy day. The figures are positioned in the center of the painting, with the umbrella acting as a protective barrier between them. The background is filled with a plethora of colors, representing trees and foliage, creating a mosaic of blues, reds, yellows, and greens. The use of thick, bold brush strokes gives the painting a dynamic and lively feel. The colors are vivid and seem to be saturated, creating a sense of depth and dimension. The focus of the painting is on the two figures, with the surrounding colors serving to enhance their presence. The artist has used contrasting light and dark intensities, with the figures illuminated against the more muted background, drawing the viewer's attention to them. The use of different proportions, with the figures appearing smaller in comparison to the vastness of the background, adds to the sense of scale and depth. Overall, the painting evokes feelings of warmth, romance, and the beauty of nature.</s>"
./images/fe4c7983efd3242e7322ecee9c665e68.jpg,"The painting is a digital artwork that showcases a vast landscape with a solitary figure standing on a wooden pathway. The sky is dominated by swirling, multi-colored clouds that seem to be in motion, with hues of blue, orange, pink, and white. The sun is depicted as a bright, radiant orb, casting a warm glow over the scene. The figure, dressed in a blue shirt and pants, appears to be gazing at the horizon, possibly lost in thought. The ground is a mix of dark and light shades, suggesting a transition between land and water. The artist has used a combination of sharp and soft edges, and the use of light and shadow gives depth to the image. The overall composition evokes feelings of solitude, contemplation, and the awe-inspiring beauty of nature.</s>"
./images/cb5b90942c93eb6688aaa0b633df56a9.jpg,"The painting is a vibrant and imaginative portrayal of a cityscape at dusk or dawn, with a cosmic theme. The sky is filled with a myriad of colors, from deep blues and purples to bright oranges and reds, creating a surreal atmosphere. The clouds are painted with a mix of colors, giving them a luminescent quality. The city below is bathed in a soft glow, with tall skyscrapers reaching upwards. A prominent feature is the radiant beam of light that cuts across the sky, illuminating the clouds and the city below. The artist has used a variety of brush strokes, from smooth gradients to sharp, defined lines, to convey depth and movement. The focus of the painting is the radiant beam of light, which draws the viewer's eye upwards, creating a sense of wonder and awe. The artist has effectively used contrast, with the dark silhouette of the city against the brightly lit sky, and the luminescent clouds against the darker background. The use of different proportions, with the tall skyscrapers appearing small in comparison to the vastness of the sky, adds to the sense of scale and grandeur of the scene.</s>"
./images/317cbd7af35213a4a80e5d31e30368e8.jpg,"The painting is a vibrant and detailed illustration of an animated cat swimming underwater. The cat has large, expressive eyes and fluffy fur, and it is surrounded by a variety of aquatic life, including fish and seaweed. The colors used are rich and varied, with deep blues representing the water, and bright yellows and oranges for the fish. The lighting in the painting creates a sense of depth and movement, with sunlight filtering through the water's surface. The focus of the painting is on the cat, which is positioned centrally and is the most detailed element. The artist has used contrast in the painting, with the bright colors of the fish and seaweed contrasting against the deeper blues of the water. The overall composition is balanced, with the cat being the central point, surrounded by the aquatic life, and the lighting guiding the viewer's eyes through the painting.</s>"
./images/233d54e476efa149bbd2ceedd1656fcf.jpg,"The painting is a vibrant depiction of a desert landscape during sunset. The sun is setting in the background, casting a warm orange and yellow glow across the sky, which is dotted with fluffy clouds. In the foreground, there's a trail leading through the desert, surrounded by various cacti and colorful wildflowers. In the distance, there are rock formations and mesas, with one particularly tall and prominent mesa in the center. The colors used are rich and varied, with deep purples and blues in the shadows, contrasting with the bright oranges and yellows of the sunset. The composition is balanced, with the trail leading the viewer's eye towards the mesas in the distance. The artist has used contrast effectively, especially with the play of light and shadow, and the vibrant colors of the flora against the more muted tones of the rocks and sky.</s>"
./images/d792700abadc24170124b8b01915d5f8.jpg,"The painting is a detailed and expressive portrayal of a meerkat's face. The meerkat is positioned centrally, with its head turned slightly to the left, giving a contemplative expression. The background is abstract with splatters of paint, primarily in red and brown hues, which contrasts with the meerkat's natural colors. The artist has used a combination of sharp and blurred lines, emphasizing the meerkat's facial features, especially its eyes and whiskers. The use of light and shadow, especially around the eyes, adds depth and dimension to the painting. The overall composition is balanced, with the meerkat serving as the focal point, surrounded by the abstract background. The artist has effectively used contrast, both in terms of color and light, to bring out the details and emotions of the subject.</s>"
./images/a25602e9ef1dc788c586c70081a442f2.jpg,"The painting is a symmetrical composition with a central circular motif. Within this circle, there are various elements, including a deer, a wolf, and human figures, all depicted in a monochromatic palette of blues and whites. The deer and wolf are positioned on either side of the circle, with the human figures inside. The background of the circle is decorated with intricate patterns and designs. The entire composition is set against a dark background, which makes the blue and white elements pop out. The focus of the painting seems to be the central circle, as it is the most detailed and contains the most significant elements. The artist has used contrast effectively, with the dark background and the lighter elements within the circle, creating a sense of depth and focus.</s>"
./images/b0c8ad1947f1a30d4d746c963696f4ce.jpg,"The painting is a vibrant depiction of a futuristic cityscape during sunset or sunrise. The sky is painted with hues of pink, orange, and purple, with a large planet visible in the distance. The city is adorned with tall, sleek skyscrapers, some of which have unique, curved designs. There are also traditional-looking buildings, possibly of Asian influence, interspersed among the modern structures. The foreground features a bridge with people walking on it, and there are various other smaller buildings and structures scattered throughout. The use of light and shadow, along with the contrasting colors, gives depth and dimension to the scene. The focus point seems to be the central skyscraper, which stands out prominently against the backdrop of the sky.</s>"
./images/2174b333c91d2fa7d936e97e4386d983.jpg,"The painting is a vivid depiction of a seascape during sunset or sunrise. The sky is filled with swirling clouds in shades of blue, teal, and orange, with stars dotting the night sky. The sun is positioned near the horizon, casting a warm orange and yellow glow over the water. The waves are depicted in intricate detail, with white foam and varying shades of blue and green, reflecting the colors of the sky. The horizon shows silhouettes of mountains or hills. The overall composition is balanced, with the sun serving as a focal point, and the swirling clouds and waves adding depth and movement. The artist has used contrasting colors, especially the bright oranges and yellows against the cool blues and teals, to create a visually striking image.</s>"
./images/e2e69c417d307e48ed275826300dacbd.jpg,"The painting is a vivid depiction of a forest scene. The tall trees, with their trunks prominently displayed, dominate the composition, reaching upwards and outwards. The foliage is dense, with various shades of green, yellow, and brown, suggesting a mix of different types of trees and undergrowth. The light filtering through the trees creates a play of shadows and highlights, adding depth and dimension to the scene. The artist has used a mix of broad brush strokes and finer details to capture the intricacies of the forest floor and the canopy. The overall color palette is rich and warm, with the predominant colors being various shades of green, brown, and yellow. The focus of the painting seems to be on the interplay of light and shadow, and the artist has skillfully used contrasts to bring out the details and depth of the forest.</s>"
./images/7a566e1c05c0b42c118760aeecc47edb.jpg,"The painting is a beautifully detailed artwork that showcases a koi fish swimming amidst flowering branches. The koi fish are vibrant red with intricate scales, and they are swimming in a serene water environment. The branches, adorned with pink flowers, extend diagonally across the painting, creating a sense of movement and depth. The background is a blend of soft grays and whites, giving a dreamy, ethereal feel to the scene. The focus of the painting is on the koi fish, with their flowing tails and scales prominently displayed. The artist has used contrasting colors, with the bright red of the koi fish standing out against the muted background. The overall composition is balanced, with the fish swimming gracefully and the flowers adding a touch of delicacy. The use of light and shadow, especially around the fish, gives them a three-dimensional appearance, making them the focal point of the artwork.</s>"
./images/f78e6b6a97e7c5bb2d9b77952e43b428.jpg,"The painting is a stunning representation of the Yin and Yang symbol, with elements of nature and cosmos intertwined. The top half of the image is dominated by a dark, stormy sky with a crescent moon and birds flying, symbolizing the Yin aspect. The bottom half showcases a serene ocean with a full moon, representing the Yang aspect. The two halves are connected by a swirling wave that transitions from the dark to the light, symbolizing the balance between opposites. The color palette is rich, with deep blues, golds, and blacks, creating a sense of depth and dimension. The focus point is the swirling wave, which draws the viewer's eye through the entire composition, emphasizing the interconnectedness of all elements.</s>"
./images/6c21114880937e39b4bea10ce45567c2.jpg,"The painting is a fantastical representation of a mountainous landscape with a large, ornate, circular structure in the center. The structure is adorned with vibrant colors and intricate patterns, and it seems to be a focal point for a gathering of people. The foreground shows a crowd of individuals, some dressed in robes, gathered around a circular platform with a central emblem. The background reveals towering mountains, shrouded in mist, and a large banner hangs from a cliff. The color palette is dominated by earthy tones, with bursts of color from the structure and the robes of the people. The use of light and shadow gives depth to the scene, and the overall composition creates a sense of awe and reverence.</s>"
./images/fe52baad9432a25851278bfa7ec3a86f.jpg,"The painting is a vibrant and colorful representation of nature, with a blend of watercolor techniques. The composition is centered around a mountainous landscape, with trees on both sides, reflecting in a serene body of water below. The sky is filled with a burst of colors, ranging from blues to oranges, yellows, and reds, creating a dramatic and ethereal atmosphere. The use of watercolors allows for fluidity and blending of colors, creating a dreamy and surreal effect. The focus point seems to be the mountain, which stands tall and majestic amidst the colorful sky and reflective water. The artist has used contrast effectively, with the dark silhouettes of the trees and the bright, vivid colors of the sky and water. The use of different proportions, especially in the reflection, adds depth and dimension to the painting.</s>"
./images/437f14c6a2218e91d70e2ed77a05ee36.jpg,"The painting is a beautiful depiction of a night sky filled with stars, a galaxy, and shooting stars. The colors used are predominantly shades of blue, purple, and white, creating a serene and dreamy atmosphere. The galaxy is the central focus, with its bright and dense clusters of stars, and it is beautifully contrasted against the darker backdrop of the night sky. The shooting stars add a dynamic element to the scene, giving a sense of movement and wonder. The silhouette of a person stands on a hill, looking up at the sky, adding a sense of scale and contemplation to the scene. The overall composition is balanced, with the galaxy and stars being the dominant elements, and the person serving as a focal point for viewers to place themselves in the scene. The artist has used contrast effectively, with the brightness of the galaxy and stars contrasting with the darker foreground and the silhouette of the person.</s>"
./images/72519c5ccf08e7533cfa5dc154d8a968.jpg,"The painting is a beautiful representation of traditional East Asian art, possibly inspired by Chinese or Japanese ink wash paintings. It features a serene landscape with a large tree branch extending over a body of water, its leaves tinted with pink, possibly representing cherry blossoms. Two figures are depicted in the foreground, one holding an umbrella and the other draped in flowing robes, both seemingly walking towards the viewer. The use of soft brush strokes and muted colors gives the painting a tranquil and ethereal quality. The focus is on the figures and the tree, with the background fading into a misty haze, creating depth and perspective. The artist has masterfully used contrast, with the dark silhouettes of the figures against the lighter background, and the vibrant pink of the leaves against the muted tones of the rest of the painting.</s>"
./images/1c501095b675902362f6e9dcc8bab246.jpg,"The painting showcases a serene scene of a girl with long, flowing hair, sitting on a ledge overlooking a body of water during sunset. The sky is painted in vibrant shades of orange, pink, and purple, with fluffy clouds scattered across. The cityscape in the distance is illuminated by the setting sun, with buildings reflecting the warm hues of the sky. The girl seems to be in a contemplative mood, gazing at the horizon. The use of contrasting colors, especially the deep blues of the water and sky against the warm tones of the sunset, creates a sense of depth and dimension in the painting. The focus point is the girl, as she is centrally positioned and the viewer's eyes are naturally drawn to her. The artist has used light and shadow effectively to give volume to the clouds and the girl's hair. The overall composition is balanced, with the cityscape and the sky serving as complementary backgrounds to the central figure of the girl.</s>"
./images/26c521930dd73c0bf8a8675b08698b51.jpg,"The painting is a stylized representation of a night sky filled with swirling patterns of stars and celestial bodies. Below the sky, there is a serene landscape of a village with houses, trees, and a winding river. The colors used are predominantly shades of blue, black, and gold, creating a contrast between the dark night sky and the illuminated village. The swirling patterns in the sky give a sense of movement and dynamism, while the stillness of the village provides a calming counterpoint. The focus of the painting is the interplay between the two elements, with the swirling sky drawing the viewer's eye upwards, and the village providing a grounding element. The artist has used contrast in terms of light and dark intensities, with the bright stars and houses standing out against the darker background. The use of different proportions, especially the elongated and stylized shapes of the trees and houses, adds to the artistic expression of the piece.</s>"
./images/b129f69309638fda34b7da2ebbfce83a.jpg,"The painting is a vivid and detailed representation of an eye. The eye is the central focus, with its iris being a striking shade of blue. Surrounding the eye are swirls of vibrant colors, including shades of orange, red, and blue. The brush strokes are thick and textured, giving the painting a dynamic and almost three-dimensional feel. The colors are bold and contrasting, with the warm tones of orange and red juxtaposed against the cooler blues. The focus point of the painting is the eye, which is centrally located and surrounded by the most intricate and detailed brushwork. The artist has used contrasting light and dark intensities to give depth and dimension to the eye and surrounding areas. The overall composition is chaotic yet harmonious, with the eye acting as a calm center amidst the swirling colors.</s>"
./images/1eb250ac61e9ffca969c5f528ead6b23.jpg,"The painting is a masterpiece of nature's beauty, showcasing a dramatic landscape. The sky is dominated by fiery red and orange hues, suggesting either a sunrise or sunset. Below, a majestic mountain range rises, with snow-capped peaks reflecting the fiery glow of the sky. In the foreground, a lone tree stands on a rocky outcrop, its green leaves contrasting with the fiery backdrop. The sea below is tumultuous, with waves crashing against the rocks, creating a sense of movement and dynamism. The overall composition is balanced, with the mountain range serving as a backdrop to the dramatic sky and the sea providing a counterpoint with its movement. The use of contrasting colors, from the fiery reds and oranges to the cool blues and greens, adds depth and dimension to the painting. The focus point is the mountain range, drawing the viewer's eye upwards towards the sky. The artist has skillfully used light and shadow to create depth and dimension, and the use of contrasting elements, such as the dark silhouette of the tree against the bright sky, adds to the overall drama and impact of the scene.</s>"
./images/178acaa395581f4c77c1510a253e3ced.jpg,"The painting is a vibrant depiction of a sunset at a coastal location. The sun is positioned at the center, casting a radiant glow that illuminates the sky with hues of orange, yellow, and blue. Swirling clouds envelop the sun, creating a dramatic and captivating visual effect. In the foreground, there are rock formations emerging from the water, and the waves gently crash against them. The horizon is defined by the meeting point of the sky and the sea. Birds can be seen flying in the sky, adding to the serene ambiance. The use of warm colors, especially the oranges and yellows, gives the painting a warm and inviting feel. The contrast between the bright sun and the darker clouds adds depth and dimension to the scene. Overall, the painting captures the beauty and tranquility of a coastal sunset.</s>"
./images/0ed30ccd0baf1c1332e6e082c64455a4.jpg,"The painting is a vivid depiction of a mountainous landscape during sunset or sunrise. The sky is painted in fiery shades of red, orange, and purple, contrasting with the cooler tones of the snow-covered mountains and the dark silhouette of the trees. The sun is visible, casting a warm glow over the scene. In the foreground, there is a serene body of water reflecting the colors of the sky and the silhouette of the trees. The composition is balanced, with the mountains and trees on either side of the water, leading the viewer's eye towards the center where the sun is positioned. The use of contrasting colors creates a dynamic and visually captivating scene.</s>"
./images/8b2e6c3080203d4d1badfa56b753a6d3.jpg,"The painting is a vivid and intricate depiction of a fantastical landscape during what appears to be a sunset or sunrise. The sky is dominated by swirling patterns of orange, yellow, and purple hues, with multiple orbs and celestial bodies scattered throughout. Below, there's a serene body of water reflecting the colors of the sky. The landscape features rocky outcrops, trees, and a distant castle or fortress. The overall composition is balanced, with the brightness of the sky contrasting with the darker, more muted tones of the land. The artist has used a rich palette of colors, and the use of light and shadow creates depth and dimension in the scene. The focus point appears to be the horizon where the sky meets the water, drawing the viewer's eye towards the center of the painting.</s>"
